{"cameraMode":{"drawMode":0,"name":"Shaded","section":"Shading Mode"},"sceneLighting":false,"audioPlay":false,"sceneViewState":{"showFog":true,"showMaterialUpdate":false,"showSkybox":false,"showFlares":true,"showImageEffects":true,"showParticleSystems":true},"in2DMode":false,"pivot":{"x":1.9996073246002198,"y":-1.7655079364776612,"z":1.1503249406814576},"rotation":{"x":-0.5216822624206543,"y":0.24109289050102235,"z":-0.15658174455165864,"w":-0.8032472729682922},"size":1.0867252349853516,"orthographic":false}